component,mean,std,cv_variance,log_var_range,jb_statistic,jb_pvalue,is_normal_5pct
0,0.03933427,2.004863,0.7971632,2.2737167,4652.594,0.0,False
1,0.7018656,1.619459,0.7596629,2.0954916,4616.761,0.0,False
2,-0.23986493,1.4951044,0.49378198,1.4594826,2948.3997,0.0,False
