component,corr_with_market,corr_abs_with_abs_market
0,0.13166792484946346,0.36280526815688313
1,-0.17749225123345577,0.672203466530116
2,-0.09005350665354085,0.16676894870929773
